,2 clusters,3 clusters,4 clusters
Silhouette,0.568789720583025,0.510428749221445,0.428801286317264
Correlación,-0.624352574557026,-0.591458672875771,-0.528176028910945
