,2 clusters,3 clusters,4 clusters
Silhouette,0.616574068092391,0.497818672116576,0.252694253905113
Correlación,-0.9050662893702,-0.866779311131371,-0.697167301963459
