,2 clusters,3 clusters,4 clusters
Silhouette,0.295970149777733,0.28847056942169,0.303940549337023
Correlación,-0.448071384112329,-0.487728771182494,-0.528649668543136
