DecisionTree,knn
0.8125,0.6875
1,0.5
0.7586,0.7413793103448276
0.8235,0.9411764705882353
0.8181,0.7575757575757576
0.8490,0.9056603773584906
0.9230,0.9615384615384616
0.9242,0.9090909090909091
1,1
0.9288,0.96

